Company Name,URL,Location,Experience Required
Infosys limited,,Hyderabad,0 to 2 Yrs
Infosys limited,,Bangalore,0 to 5 Yrs
Bmc software,,Hyderabad,0 to 3 Yrs
Shree balaji enterprises hiring for...,,"Gurugram
+1",0 Yrs
T & a solutions,,Hyderabad,0 to 4 Yrs
"Red hat, inc.",,Delhi,0 to 3 Yrs
Creed infotech private limited,,Mohali,0 to 4 Yrs
Madison cube recruitment,,"Gurugram
+3",0 to 4 Yrs
Madison cube recruitment,,"Mumbai City
+2",0 to 4 Yrs
Iskills medical coding solutions hi...,,"Chennai
+2",0 to 1 Yr
Foursis technical solution,,Ghaziabad,0 to 3 Yrs
Foursis technical solution,,Delhi,0 to 3 Yrs
Kd enterprise hiring for kd enterpr...,,"Bhiwadi
+9",0 to 4 Yrs
Crimson interactive,,Mumbai City,0 to 2 Yrs
Foursis technical solution,,Noida,0 to 3 Yrs
